name,account,acqId,amount,message
Trần Văn A,0123456789,970422,100000,Thanh toan A
Nguyễn Thị B,0111222333,970415,150000,Thanh toan B
Lê Văn C,0999888777,970405,200000,Thanh toan C
Phạm Thị D,0333444555,970432,250000,Thanh toan D
Hoàng Văn E,0444555666,970403,300000,Thanh toan E
Vũ Minh F,0555666777,970409,350000,Thanh toan F
Đào Thị G,0666777888,970418,360000,Thanh toan G
Lâm Văn H,0777888999,970406,370000,Thanh toan H
Trịnh Thị I,0888999000,970423,380000,Thanh toan I
Bùi Quang J,0999000111,970430,390000,Thanh toan J
Phan Thị K,1000111222,970412,400000,Thanh toan K
Đinh Văn L,1111222333,970416,410000,Thanh toan L
Lý Thị M,1222333444,970402,420000,Thanh toan M
Ngô Văn N,1333444555,970437,430000,Thanh toan N
Tạ Thị O,1444555666,970407,440000,Thanh toan O
